ID,시설종류,실내/실외,종목,주소,이름,평점,투표횟수
0,문화,실내,미술관,광주 동구 성촌길 6,드영미술관,3.0,1
1,문화,실내,미술관,광주 남구 제중로47번길 10,이이남 스튜디오,4.7,84
2,문화,실내,미술관,광주 북구 하서로 52,광주시립미술관,4.3,815
3,문화,실내,미술관,광주 광산구 소촌로85번길 14-9,소촌아트팩토리,4.1,53
4,문화,실내,미술관,광주 동구 천변우로 369,광주여성전시관 Herstory,0.0,0
5,문화,실내,미술관,광주 동구 의재로 82,국윤미술관,3.9,7
6,문화,실내,미술관,광주 동구 독립로 268,롯데갤러리 광주점,0.0,0
7,문화,실내,미술관,광주 동구 예술길 18-1,무등갤러리,4.3,11
8,문화,실내,미술관,광주 동구 증심사길 9,무등현대미술관,3.9,55
9,문화,실내,미술관,광주 북구 우치로 77,북구청갤러리,0.0,0
10,문화,실내,미술관,광주 서구 무진대로 932,신세계갤러리,4.4,9
11,문화,실내,미술관,광주 남구 양림동 108-1,양림미술관,4.1,31
12,문화,실내,미술관,광주 동구 의재로 140-6,우제길 미술관,3.4,49
13,문화,실내,미술관,광주 서구 무진대로 904,유ㆍ스퀘어문화관 금호갤러리,0.0,0
14,문화,실내,미술관,광주 동구 서석로85번길 8-12,은암미술관,4.3,18
15,문화,실내,미술관,광주 동구 증심사길 155,의재미술관,3.9,80
16,문화,실내,미술관,광주 북구 일곡로 55,일곡갤러리,0.0,0
17,문화,실내,미술관,광주 북구 향토문화로 65,자미갤러리,4.0,1
18,문화,실내,미술관,광주 동구 필문대로 309,조선대미술관,0.0,0
19,문화,실내,미술관,광주 서구 상무대로 1165,하정웅미술관,4.3,182
20,문화,실내,미술관,광주 남구 양촌길 27-6,한희원미술관,4.3,53
21,문화,실내,박물관,광주 북구 풍암제길 14,분청사기전시실,3.8,21
22,문화,실내,박물관,광주 남구 제중로 64,오방 최흥종 기념관,0.0,0
23,문화,실내,박물관,광주 북구 서하로 48-25,광주광역시역사민속박물관,4.3,298
24,문화,실내,박물관,광주 북구 풍향동 1-1,광주교육대학교 교육박물관,0.0,0
25,문화,실내,박물관,광주 북구 하서로 110,국립광주박물관,4.3,955
26,문화,실내,박물관,광주 동구 천변우로 599,백범기념관,5.0,3
27,문화,실내,박물관,광주 동구 제봉로 143-1,비움박물관,4.6,8
28,문화,실내,박물관,광주 북구 용봉동 300,전남대학교 박물관,0.0,0
29,문화,실내,박물관,광주 북구 용봉로 116,한국미용박물관,4.0,17
30,문화,실내,공연장,광주광역시 남구 천변좌로338번길 7,미디어놀이터,4.3,213
31,문화,실내,공연장,광주광역시 남구 천변좌로338번길 7,홀로그램 극장,4.3,213
32,문화,실내,공연장,광주 동구 문화전당로 38,국립아시아문화전당,4.6,279
33,문화,실내,공연장,광주 서구 무진대로 904,유ㆍ스퀘어문화관,4.3,2160
34,문화,실내,공연장,광주 남구 봉선로 208,광주남구문화예술회관,3.9,21
35,문화,실내,공연장,광주 북구 북문대로 60,광주문화예술회관,4.3,1040
36,문화,실내,공연장,광주 동구 예술길 18-1,궁동예술극장,3.8,28
37,문화,실내,공연장,광주 서구 상무누리로 30,김대중컨벤션센터,4.1,2147
38,문화,실내,공연장,광주 동구 중흥로209번길 8,문예정터 극단 진달래피네,0.0,0
39,문화,실내,공연장,광주 서구 풍금로 182,빛고을국악전수관,4.1,32
40,문화,실내,공연장,광주 남구 구동 12,빛고을시민문화관,4.3,213
41,문화,실내,공연장,광주 서구 마재로 3,서구문화센터,4.1,423
42,관광,실내,전통문화,광주광역시 동구 의재로 222,광주전통문화관,4.1,81
43,관광,실내,전통문화,광주 광산구 광곡길 133,월봉서원 체험,4.5,117
44,관광,실내,전통문화,광주 북구 담안평무길 77,평촌도예공방,4.5,25
45,관광,실내,전통문화,광주 남구 고싸움로 2,고싸움놀이 테마파크,3.5,18
46,관광,실내,전통문화,광주 남구 압촌4길 11,광주도예문화센터,4.2,35
47,관광,실내,전통문화,광주 남구 중앙로95번안길 7-8,광주향교 체험,4.0,34
48,관광,실내,전통문화,광주 남구 포충로 937,빛고을공예창작촌,4.2,16
49,관광,실내,전통문화,광주 동구 증심사길 177,증심사 템플스테이,4.5,10
50,관광,실내,전통문화,광주 동구 동명동 200-196,청공소리 한옥체험장,0.0,0
51,관광,실내,5.18운동,광주 동구 중앙로 302,4·19혁명기념관,4.1,21
52,관광,실내,5.18운동,광주광역시 동구 금남로 221,5·18민주화운동기록관,4.6,636
53,관광,실내,5.18운동,광주 동구 금남로 245,전일빌딩245,4.7,240
54,관광,실외,5.18운동,광주 서구 내방로 152,5·18기념공원,4.4,574
55,관광,실외,5.18운동,광주 동구 문화전당로 38,5·18민주광장,4.6,488
56,관광,실외,5.18운동,광주 서구 상무평화로 13,5·18자유공원,4.5,360
57,관광,실내,5.18운동,광주 서구 화정동 512,광주학생독립운동기념관,4.6,143
58,관광,실외,5.18운동,광주광역시 서구 학생독립로 30,광주학생독립운동기념탑,4.4,21
59,관광,실내,종교,광주광역시 남구 백서로 13,광주 구 수피아여학교 커티스메모리얼홀,4.4,7
60,관광,실내,종교,광주광역시 북구 금재로 76,광주 북동천주교회,4.2,12
61,관광,실내,종교,광주광역시 동구 증심사길160번길 89,약사암,5.0,1
62,관광,실내,종교,광주광역시 남구 백서로70번길 6,오웬기념각,4.0,30
63,관광,실내,종교,광주광역시 남구 제중로47번길 20,우일선 선교사사택,4.4,166
64,관광,실내,종교,광주광역시 동구 증심사길 177,증심사,4.3,483
65,관광,실내,종교,광주광역시 서구 운천로 230,무각사,4.4,354
66,관광,실내,종교,광주광역시 동구 중앙로 197,원각사,4.6,18
67,관광,실내,종교,광주광역시 남구 백서로 13,광주 구 수피아여학교 수피아홀,0.0,0
68,관광,실내,종교,광주광역시 남구 백서로 13,광주 구 수피아여학교 윈스브로우홀,0.0,0
69,관광,실내,종교,광주광역시 북구 무등로 1514-35,원효사,4.3,411
70,관광,실외,문화,광주광역시 광산구 본량본촌길 29,만취정,4.4,5
71,관광,실외,문화,광주광역시 광산구 산월로21번길 26,무양서원,3.9,27
72,관광,실외,문화,광주광역시 서구 금호운천길 31,병천사,3.9,29
73,관광,실외,문화,광주광역시 남구 칠석동 129,부용정,4.6,5
74,관광,실외,문화,광주 남구 이장동 166-1,양과동정,3.8,13
75,관광,실외,문화,광주광역시 광산구 왕동 산3,용진정사,4.1,36
76,관광,실외,문화,광주광역시 남구 지산재길 51,지산재,4.2,12
77,관광,실외,문화,광주광역시 북구 충효동 397-3,취가정,4.0,43
78,관광,실외,문화,광주광역시 남구 포충로 767,포충사,4.4,268
79,관광,실외,문화,광주 북구 금곡동 718,풍암정,4.0,4
80,관광,실외,문화,광주광역시 광산구 풍영정길 21,풍영정,4.0,69
81,관광,실외,문화,광주광역시 광산구 동곡분토길 195,호가정,4.1,82
82,관광,실외,문화,광주광역시 광산구 광곡길 133,월봉서원(빙월당),4.5,117
83,관광,실외,문화,광주광역시 북구 무등로 1050,충민사,4.6,14
84,관광,실외,문화,광주광역시 남구 중앙로107번길 5,광주향교,4.0,34
85,관광,실외,문화,광주광역시 서구 동하길 10,만귀정,4.3,65
86,관광,실외,문화,광주광역시 북구 송강로 13,충장사,4.0,103
87,관광,실외,문화,광주광역시 서구 화운로156번길 17-8,화담사,3.9,17
88,관광,실외,문화,광주 남구 서오층석탑2길 17,광주 성거사지 오층석탑,0.0,0
89,관광,실외,문화,광주 동구 지산로 57,광주 지산동 오층석탑,3.8,4
90,관광,실외,문화,광주 동구 용연길,무등산 주상절리대,4.5,88
91,관광,실외,문화,광주 북구 가사문학로 954-38,충효동 왕버들군,4.5,8
92,관광,실내,문화,광주 북구 비엔날레로 111,광주디자인비엔날레,4.2,21
93,관광,실내,체험,광주 남구 천변좌로 338번길 7,광주 미디어아트 플랫폼,4.0,19
94,관광,실내,체험,광주 남구 양과동 1237-5,빛고을농촌테마공원,4.6,92
95,관광,실내,체험,광주광역시 광산구 평동로 639-22,광주광역시 농업기술센터,4.6,50
96,관광,실내,체험,광주 광산구 서봉동 37,IT스퀘어,0.0,0
97,관광,실내,체험,광주 북구 첨단과기로176번길 27,광주 디자인 체험관,3.8,83
98,관광,실내,체험,광주 남구 압촌길 78,광주 콩종합센터,0.0,0
99,관광,실내,체험,광주 북구 첨단과기로 235,국립광주과학관,4.4,1644
100,관광,실내,체험,광주 북구 설죽로 477,남도향토음식박물관,4.1,70
101,관광,실내,체험,광주 동구 동명로 24,다과만들기 다담,0.0,0
102,관광,실내,체험,광주 서구 회재로 905,시청자미디어센터,4.3,19
103,관광,실내,체험,광주 남구 승촌보길 90,영산강 문화관,4.1,549
104,관광,실외,공원,광주광역시 동구 지호로164번길 35-1,지산유원지,3.9,826
105,관광,실외,공원,광주 광산구 송산동 175-1,송산유원지,4.0,577
106,관광,실외,공원,광주 북구 우치로 677,우치공원,4.2,274
107,관광,실내,맛집,광주 광산구 신창로166번길 24,금수저은수저,3.5,360
108,관광,실내,맛집,광주 동구 지호로 137- 7,남가정,4.2,144
109,관광,실내,맛집,광주 북구 대촌길6번길 20-6,넓으실,3.8,359
110,관광,실내,맛집,광주 서구 풍암순환로128번길 73,다미정,3.9,291
111,관광,실내,맛집,광주 서구 유덕로28번길 18,백년미가,3.6,156
112,관광,실내,맛집,광주 동구 무등로321번길 2,아리랑하우스,4.0,106
113,관광,실내,맛집,광주 서구 풍암순환로128번길 75,영빈관,3.4,143
114,관광,실내,맛집,광주 서구 서광주로 187,예지원,3.8,137
115,관광,실내,맛집,광주 서구 상무평화로 131,예향계절한정식,3.7,60
116,관광,실내,맛집,광주 남구 효덕로 103,조선옥,3.5,136
117,관광,실내,맛집,광주 북구 일곡택지로53번길 55,현주네이야기,4.0,1
118,관광,실내,맛집,광주 서구 치평로 86,"다르다김밥,주먹밥",4.3,30
119,관광,실내,맛집,광주 동구 동계천로 143,맘스쿡,4.6,10
120,관광,실내,맛집,광주 서구 군분로159번길 13,테스팅노트,4.9,11
121,관광,실내,맛집,광주 북구 양산로 34,양산대박 상추튀김,4.3,15
122,관광,실내,맛집,광주 동구 황금동 74,은성김밥,2.7,6
123,관광,실내,맛집,광주 서구 상무평화로 89,현완단겸 상추튀김,3.3,266
124,관광,실내,맛집,광주 서구 상무대로 695번길 15,대광식당,4.1,64
125,관광,실내,맛집,광주 서구 상무자유로 174,육전명가,3.7,165
126,관광,실내,맛집,광주 서구 상무민주로123번길 13-7,김가원,4.6,15
127,관광,실내,맛집,광주 서구 회재유통길 19-24,매월흑염소가든,4.1,605
128,관광,실내,맛집,광주 광산구 평동로 421,명화식육식당,4.0,1256
129,관광,실내,맛집,광주 북구 일곡마을로 152,미진,3.5,41
130,관광,실내,맛집,광주 서구 상무평화로 137,민들레,4.2,55
131,관광,실내,맛집,광주 광산구 송정로8번길 41,서울장수국수,3.9,43
132,관광,실내,맛집,광주 동구 문화전당로35번길 28-5,송하회관,4.2,116
133,관광,실내,맛집,광주 북구 무등로 144,옥천면옥,3.9,508
134,관광,실내,맛집,광주 남구 봉선로 21,해남성내식당,4.2,99
135,관광,실내,맛집,광주 동구 백서로125번길 29,해남식당,4.1,86
136,관광,실내,맛집,광주 북구 무등로180번길 9-18,"홍춘이	",4.2,9
137,관광,실내,맛집,광주 북구동운로 231,효정,4.2,114
138,관광,실내,맛집,광주 광산구 왕버들로252번길 33,100족발본점,4.8,187
139,관광,실내,맛집,광주 북구 우치로 61,강의리추어탕,4.0,79
140,관광,실내,맛집,광주 서구 마륵복개로 152-3,강촌,4.1,161
141,관광,실내,맛집,광주 동구 의재로96번길 18,관가,3.6,160
142,관광,실내,맛집,광주 광산구 임방울대로 503,광후장어,0.0,0
143,관광,실내,맛집,광주 북구 서강로74번길 32,국현옥궁중팥죽,0.0,0
144,관광,실내,맛집,광주 동구 금남로 193-7,꽃담,4.3,7
145,관광,실내,맛집,광주 남구 화산로 105,뜨락쌈밥,4.1,350
146,관광,실내,맛집,광주 북구 대천로139번길 8-1,석암돌솥밥,4.0,335
147,관광,실내,맛집,광주 북구 북문대로 173,약수한방삼계탕,4.1,142
148,관광,실내,맛집,광주 북구 밤실로 178,오얏리돌솥밥,4.2,532
149,관광,실내,맛집,광주 서구 운천로31번길 15,유진정,4.2,195
150,관광,실내,맛집,광주 광산구 삼도가산안길 42,하림가,4.3,30
151,관광,실내,맛집,광주 북구 민주로 164,한백년식당,4.0,16
152,관광,실내,맛집,광주 서구 상무민주로6번길 36,낙지마을,3.8,163
153,관광,실내,맛집,광주 서구 월드컵4강로 236,마천루,4.0,690
154,관광,실내,맛집,광주 동구 문화전당로 37-2,마한지,4.1,532
155,관광,실내,맛집,광주 광산구 송정로15번길 71,서울곱창,3.9,655
156,관광,실내,맛집,광주 서구 금화로 240,여간 좋은날,0.0,0
157,관광,실내,맛집,광주 서구 내방로 39-1,옥과한우촌,4.0,537
158,관광,실내,맛집,광주 북구 북문대로33번길 3,우미일식,3.6,62
159,관광,실내,맛집,광주 서구 풍암운리로41번길 4-6,이씨네푸줏간,4.4,54
160,관광,실내,맛집,광주 광산구 동곡로35번길 6,이태백,4.0,45
161,관광,실내,맛집,광주 북구 하서로672번길 45,절기밥상,4.0,131
162,관광,실내,맛집,광주 동구 제봉로 194,칠우불고기,4.2,333
163,관광,실내,맛집,광주 남구 효덕로 150,한우사랑,3.7,9
164,관광,실내,맛집,광주 서구 상무대로 653-1,해동활어,4.1,287
165,관광,실내,맛집,광주 북구 일곡마을로 165,행랑채,3.5,189
166,관광,실내,맛집,광주 서구 운천로17번길 4-9,긴자상회,4.5,39
167,관광,실내,맛집,광주 서구 상무대로 1032,더셰프,4.1,64
168,관광,실내,맛집,광주 동구 동명로20번길 17-6,알랭,4.3,90
169,관광,실내,맛집,광주 광산구 임방울대로 353,어나더키친,4.1,164
170,관광,실내,맛집,광주 서구 치평로 112,오카츠,4.5,50
171,관광,실내,맛집,광주 북구 용봉로 66,케이투,4.2,92
172,관광,실내,맛집,광주 남구 백서로 97-1,파인트리,4.2,17
173,관광,실외,시장,광주광역시 북구 우산동 190-1,말바우시장,4.1,1714
174,관광,실외,시장,광주광역시 동구 학동 55,남광주시장,3.9,1485
175,관광,실외,시장,광주광역시 동구 대인동 제봉로194번길 7-1,대인시장,3.9,1107
176,관광,실외,시장,광주 서구 천변좌로 238,양동시장,4.2,508
177,관광,실외,시장,광주광역시 광산구 송정동 송정로16번길 38,1913 송정역시장,3.9,3994
178,관광,실외,시장,광주광역시 광산구 비아동 비아중앙로 26-1,비아시장,3.9,440
179,관광,실외,시장,광주 남구 군분로 27,무등시장,3.8,568
180,관광,실외,문화,광주 북구 서림로 10 무등종합경기장,기아챔피언스필드,4.3,44
181,관광,실내,문화,광주광역시 서구 금화로 278,염주체육관,4.3,278
182,관광,실외,문화,광주광역시 서구 금화로 240 월드컵경기장,광주월드컵경기장,4.3,597
183,관광,실내,문화,광주 서구 금화로 278,광주 실내빙상장,4.2,286
184,관광,실외,공원,광주 광산구 첨단중앙로182번길 39,쌍암공원,4.5,1119
185,관광,실외,공원,광주광역시 북구 임방울대로 877 어린이교통공원,광주 어린이교통공원,4.2,145
186,관광,실외,공원,광주광역시 북구 추암로 190,광주 시민의숲,4.2,344
187,관광,실외,공원,광주광역시 광산구 장신로82번길 57,수완호수공원,4.1,418
188,관광,실외,공원,광주광역시 북구 하서로 311,양산호수공원,4.5,412
189,관광,실외,공원,광주광역시 서구 풍암동 460,풍암호수공원,4.4,1734
190,관광,실외,공원,광주광역시 서구 쌍촌동 869-9,운천저수지,4.2,1511
191,관광,실외,공원,광주 북구 하서로 52,중외공원,4.5,640
192,관광,실외,공원,광주 북구 금곡동 산 1-3,무등산 국립공원,4.5,1076
193,관광,실외,공원,광주 동구 필문대로 309,조선대학교 장미공원,4.0,1
194,관광,실외,공원,광주 남구 효우로 107,물빛근린공원,4.4,296
195,관광,실외,공원,광주 동구 대의동 50-26,ACC 하늘마당,4.5,505
196,관광,실외,공원,광주 서구 회재로 1111,풍암생활체육공원,4.4,516
197,관광,실외,체험,광주 남구 천변좌로446번길 7,펭귄마을,3.9,947
198,관광,실외,공원,광주 남구 양림동 108-10,사직공원,4.3,750
